"","Tank","Treatment","Date","Temp","Salinity","pH","DO%","DOMgL","Bubbled","Rain","days"
"1","1",NA,2024-06-04,24.6,5.25,6.7,2.3,0.2,"No","No",-49
"2","2",NA,2024-06-04,24.3,0.4,6.75,6.9,0.57,"No","No",-49
"3","3",NA,2024-06-04,24.3,3.06,6.55,2.4,0.19,"No","No",-49
"4","4",NA,2024-06-04,24.1,0.41,6.65,1.9,0.15,"No","No",-49
"5","5",NA,2024-06-04,24.3,3.06,6.63,1.8,0.14,"No","No",-49
"6","6",NA,2024-06-04,24.6,5.04,6.72,5.4,0.44,"No","No",-49
"7","7",NA,2024-06-04,24.1,3.08,6.61,31.1,2.56,"No","No",-49
"8","8",NA,2024-06-04,24.3,0.42,6.95,22.4,1.85,"No","No",-49
"9","9",NA,2024-06-04,24.3,5.14,6.68,4.3,0.35,"No","No",-49
"10","10",NA,2024-06-04,24.2,5.16,6.77,32.19,2.62,"No","No",-49
"11","11",NA,2024-06-04,24.1,3.1,6.97,65.2,5.23,"No","No",-49
"12","12",NA,2024-06-04,24.3,0.43,6.93,13.8,1.14,"No","No",-49
"13","13",NA,2024-06-04,24.1,3.08,6.77,26.3,2.13,"No","No",-49
"14","14",NA,2024-06-04,24.2,0.4,6.98,24.8,2.05,"No","No",-49
"15","15",NA,2024-06-04,24.3,5.26,6.72,37.5,3.23,"No","No",-49
"16","1",NA,2024-06-06,25.5,5.16,6.74,12,0.72,"No","No",-47
"17","2",NA,2024-06-06,24.8,0.39,6.83,15,1.22,"No","No",-47
"18","3",NA,2024-06-06,25,2.92,6.55,8.2,0.65,"No","No",-47
"19","4",NA,2024-06-06,24.7,0.4,6.65,7.9,0.62,"No","No",-47
"20","5",NA,2024-06-06,25,3,6.6,2.5,0.2,"No","No",-47
"21","6",NA,2024-06-06,25.4,4.75,6.71,11.5,0.92,"No","No",-47
"22","7",NA,2024-06-06,24.9,2.83,6.6,22.7,1.85,"No","No",-47
"23","8",NA,2024-06-06,25,0.39,6.79,14,1.15,"No","No",-47
"24","9",NA,2024-06-06,25.2,5.13,6.74,1.6,0.12,"No","No",-47
"25","10",NA,2024-06-06,25.3,5.12,6.58,17.7,1.41,"No","No",-47
"26","11",NA,2024-06-06,25,3.03,6.8,27.2,2.21,"No","No",-47
"27","12",NA,2024-06-06,25,0.38,6.74,4,0.33,"No","No",-47
"28","13",NA,2024-06-06,24.9,2.97,6.61,5.9,0.45,"No","No",-47
"29","14",NA,2024-06-06,24.9,0.38,6.78,8,0.65,"No","No",-47
"30","15",NA,2024-06-06,25.3,5.25,6.68,0.8,0.06,"No","No",-47
"31","1",NA,2024-06-11,25.6,5.01,6.74,4,0.32,"No","No",-42
"32","2",NA,2024-06-11,24.9,0.17,6.56,5.6,0.46,"No","No",-42
"33","3",NA,2024-06-11,24.7,2.92,6.64,20.3,1.66,"No","No",-42
"34","4",NA,2024-06-11,25,0.47,6.43,11,0.91,"No","No",-42
"35","5",NA,2024-06-11,24.7,2.88,6.37,13.6,1.11,"No","No",-42
"36","6",NA,2024-06-11,25.1,4.76,6.7,2.7,0.21,"No","No",-42
"37","7",NA,2024-06-11,24.8,2.94,6.52,3.9,0.31,"No","No",-42
"38","8",NA,2024-06-11,24.9,0.39,6.75,21.8,1.8,"No","No",-42
"39","9",NA,2024-06-11,25,4.88,6.73,6.6,0.53,"No","No",-42
"40","10",NA,2024-06-11,24.9,4.9,6.98,27.8,2.23,"No","No",-42
"41","11",NA,2024-06-11,24.9,2.94,6.57,31.5,2.57,"No","No",-42
"42","12",NA,2024-06-11,24.9,0.39,6.85,21.2,1.75,"No","No",-42
"43","13",NA,2024-06-11,24.7,2.93,6.56,3.4,0.28,"No","No",-42
"44","14",NA,2024-06-11,24.7,0.42,6.86,39.9,3.31,"No","No",-42
"45","15",NA,2024-06-11,25.2,4.9,6.64,7.2,0.56,"No","No",-42
"46","1",NA,2024-06-12,25.3,5.04,6.7,6.2,0.49,"No","No",-41
"47","2",NA,2024-06-12,24.7,0.19,6.52,13.4,1.11,"No","No",-41
"48","3",NA,2024-06-12,24.6,2.94,6.74,16,1.31,"No","No",-41
"49","4",NA,2024-06-12,24.8,0.4,6.34,8.2,0.68,"No","No",-41
"50","5",NA,2024-06-12,24.7,2.9,6.38,15.8,1.29,"No","No",-41
"51","6",NA,2024-06-12,24.9,4.81,6.67,4.9,0.37,"No","No",-41
"52","7",NA,2024-06-12,24.6,2.96,6.59,12.2,0.99,"No","No",-41
"53","8",NA,2024-06-12,24.9,0.39,6.84,26.1,2.16,"No","No",-41
"54","9",NA,2024-06-12,24.8,4.9,6.75,11.7,0.94,"No","No",-41
"55","10",NA,2024-06-12,24.7,4.92,6.89,35.8,2.89,"No","No",-41
"56","11",NA,2024-06-12,24.6,3.01,6.68,32.5,2.66,"No","No",-41
"57","12",NA,2024-06-12,24.8,0.38,6.92,34.7,2.87,"No","No",-41
"58","13",NA,2024-06-12,24.5,2.93,6.59,13.5,1.11,"No","No",-41
"59","14",NA,2024-06-12,24.6,0.38,6.78,31.6,2.62,"No","No",-41
"60","15",NA,2024-06-12,25,5.02,6.78,14.2,1.14,"No","No",-41
"61","1",NA,2024-06-13,25.3,5.07,6.85,15.3,1.22,"No","No",-40
"62","2",NA,2024-06-13,25.2,0.14,6.67,24.5,2.01,"No","No",-40
"63","3",NA,2024-06-13,25.2,2.94,6.81,23.9,1.93,"No","No",-40
"64","4",NA,2024-06-13,25.2,0.44,6.33,13.4,1.1,"No","No",-40
"65","5",NA,2024-06-13,25.1,2.91,6.5,22,1.78,"No","No",-40
"66","6",NA,2024-06-13,25.2,4.84,6.7,9.6,0.77,"No","No",-40
"67","7",NA,2024-06-13,25.1,2.99,6.72,22.9,1.85,"No","No",-40
"68","8",NA,2024-06-13,25.2,0.39,6.94,34.6,2.86,"No","No",-40
"69","9",NA,2024-06-13,25.2,4.94,6.84,34.4,1.75,"No","No",-40
"70","10",NA,2024-06-13,25.1,4.95,7.05,36.9,2.77,"No","No",-40
"71","11",NA,2024-06-13,25.1,2.98,6.83,34.4,2.78,"No","No",-40
"72","12",NA,2024-06-13,25.2,0.41,7.08,36.9,3.02,"No","No",-40
"73","13",NA,2024-06-13,25.1,2.94,6.62,17.9,1.15,"No","No",-40
"74","14",NA,2024-06-13,25.2,0.43,6.67,29.9,2.44,"No","No",-40
"75","15",NA,2024-06-13,25.4,5.04,6.83,24.7,1.95,"No","No",-40
"76","1",NA,2024-06-20,24.9,5.05,7.73,72.8,5.86,"No","No",-33
"77","2",NA,2024-06-20,24.5,0.4,5.63,78.8,6.55,"No","No",-33
"78","3",NA,2024-06-20,24.4,3.11,7.59,76.3,6.27,"No","No",-33
"79","4",NA,2024-06-20,24.6,0.37,7.66,79.5,6.6,"No","No",-33
"80","5",NA,2024-06-20,24.5,3.03,7.63,80.7,6.61,"No","No",-33
"81","6",NA,2024-06-20,24.6,5.07,7.68,77.7,6.28,"No","No",-33
"82","7",NA,2024-06-20,24.5,3.01,7.64,95.8,6.22,"No","No",-33
"83","8",NA,2024-06-20,24.6,0.41,7.72,79.1,6.57,"No","No",-33
"84","9",NA,2024-06-20,24.4,5.1,7.9,84.1,6.81,"No","No",-33
"85","10",NA,2024-06-20,24.6,5.18,7.8,80.7,6.53,"No","No",-33
"86","11",NA,2024-06-20,24.4,3.08,7.75,80.8,6.63,"No","No",-33
"87","12",NA,2024-06-20,24.6,0.39,7.82,82.5,6.66,"No","No",-33
"88","13",NA,2024-06-20,24.5,2.97,7.62,78.5,6.44,"No","No",-33
"89","14",NA,2024-06-20,24.4,0.39,7.66,80.3,6.69,"No","No",-33
"90","15",NA,2024-06-20,24.8,5.11,7.7,79.2,6.38,"No","No",-33
"91","1",5,2024-06-24,27.3,4.99,6.61,20.4,1.58,"No","Yes",-29
"92","2",0.4,2024-06-24,27.1,0.41,5.95,2.2,0.17,"No","Yes",-29
"93","3",3,2024-06-24,27.1,3.1,6.49,33.3,2.61,"No","Yes",-29
"94","4",0.4,2024-06-24,27.2,0.4,6.5,31.7,2.51,"No","Yes",-29
"95","5",3,2024-06-24,27.1,3.02,6.35,12.5,0.98,"No","Yes",-29
"96","6",5,2024-06-24,27.2,5.06,6.6,22.7,1.75,"No","Yes",-29
"97","7",3,2024-06-24,27,3,6.31,5.6,0.44,"No","Yes",-29
"98","8",0.4,2024-06-24,27.2,0.41,6.25,10.2,0.81,"No","Yes",-29
"99","9",5,2024-06-24,27.1,5.09,6.69,31.2,2.41,"No","Yes",-29
"100","10",5,2024-06-24,27.3,5.16,6.58,14.2,1.1,"No","Yes",-29
"101","11",3,2024-06-24,27.1,3.06,6.58,29.3,2.29,"No","Yes",-29
"102","12",0.4,2024-06-24,27.2,0.4,5.83,1.1,0.09,"No","Yes",-29
"103","13",3,2024-06-24,27.2,2.95,6.33,12.9,1.01,"No","Yes",-29
"104","14",0.4,2024-06-24,27.3,0.4,5.64,1,0.08,"No","Yes",-29
"105","15",5,2024-06-24,27.6,5.08,6.64,28.9,2.22,"No","Yes",-29
"106","1",5,2024-06-25,27.5,5,6.69,26.5,2.02,"No","No",-28
"107","2",0.4,2024-06-25,27.3,0.41,5.87,1.1,0.09,"Yes","No",-28
"108","3",3,2024-06-25,27.3,3.11,6.36,27.2,2.12,"No","No",-28
"109","4",0.4,2024-06-25,27.4,0.4,6.34,21.4,1.7,"No","No",-28
"110","5",3,2024-06-25,27.4,3.03,6.29,14.4,1.12,"No","No",-28
"111","6",5,2024-06-25,27.4,5.07,6.51,18.4,1.42,"No","No",-28
"112","7",3,2024-06-25,27.3,3.01,6.38,14.7,1.14,"No","No",-28
"113","8",0.4,2024-06-25,27.5,0.42,6.09,10.6,0.84,"No","No",-28
"114","9",5,2024-06-25,27.4,5.1,6.44,16.3,1.2,"No","No",-28
"115","10",5,2024-06-25,27.5,5.17,6.52,15.5,1.19,"No","No",-28
"116","11",3,2024-06-25,27.2,3.07,6.32,9.9,0.77,"No","No",-28
"117","13",3,2024-06-25,27.5,2.96,6.38,15.3,1.19,"No","No",-28
"118","14",0.4,2024-06-25,27.5,0.4,5.11,4.3,0.33,"Yes","No",-28
"119","1",5,2024-06-26,28.1,5.02,6.59,30.3,2.3,"No","No",-27
"120","2",0.4,2024-06-26,28,0.41,6.35,72,5.56,"No","No",-27
"121","3",3,2024-06-26,28,3.13,6.42,32.5,2.5,"No","No",-27
"122","4",0.4,2024-06-26,28,0.4,6.13,3.6,0.29,"Yes","No",-27
"123","5",3,2024-06-26,27.9,3.03,6.31,21.5,1.65,"No","No",-27
"124","6",5,2024-06-26,28.1,5.09,6.44,15,1.14,"No","No",-27
"125","7",3,2024-06-26,27.8,3.02,6.42,22.6,1.75,"No","No",-27
"126","8",0.4,2024-06-26,28.1,0.42,5.85,9.5,0.74,"Yes","No",-27
"127","9",5,2024-06-26,27.9,5.12,6.41,16.6,1.19,"No","No",-27
"128","10",5,2024-06-26,28.1,5.18,6.37,7.5,0.57,"No","No",-27
"129","11",3,2024-06-26,27.9,3.08,6.32,13.8,1.03,"No","No",-27
"130","13",3,2024-06-26,28,2.97,6.31,16.8,1.29,"No","No",-27
"131","14",0.4,2024-06-26,27.9,0.41,4.56,45,3.52,"No","No",-27
"132","1",5,2024-06-27,27.8,5.04,6.4,15.2,1.16,"No","Yes",-26
"133","2",0.4,2024-06-27,27.6,0.41,6.18,51.5,4.05,"No","Yes",-26
"134","3",3,2024-06-27,27.5,3.03,6.32,26,2.02,"No","Yes",-26
"135","4",0.4,2024-06-27,27.6,0.41,5.4,8.4,0.66,"Yes","Yes",-26
"136","5",3,2024-06-27,27.6,3.05,6.22,21.4,1.66,"No","Yes",-26
"137","6",5,2024-06-27,27.6,5.12,6.4,18.4,1.41,"No","Yes",-26
"138","7",3,2024-06-27,27.6,3.09,6.33,21,1.63,"No","Yes",-26
"139","8",0.4,2024-06-27,27.7,0.42,6.1,51,4,"No","Yes",-26
"140","9",5,2024-06-27,27.5,5.02,6.37,13.6,1.04,"No","Yes",-26
"141","10",5,2024-06-27,27.7,5.04,6.32,8.6,0.66,"Yes","Yes",-26
"142","11",3,2024-06-27,27.6,3.09,6.22,10,0.78,"No","Yes",-26
"143","12",0.4,2024-06-27,27.3,0.39,6.9,40.7,3.22,"No","Yes",-26
"144","13",3,2024-06-27,27.7,2.98,6.21,14.1,1.09,"No","Yes",-26
"145","14",0.4,2024-06-27,27.6,0.41,4.72,40.3,3.17,"No","Yes",-26
"146","15",5,2024-06-27,27.4,5.02,7.08,55.2,4.24,"No","Yes",-26
"147","1",5,2024-06-28,27,5.02,6.44,17.7,1.37,"No","No",-25
"148","2",0.4,2024-06-28,26.6,0.41,6.06,43.9,3.51,"No","No",-25
"149","3",3,2024-06-28,26.5,3.02,6.3,24.9,1.97,"No","No",-25
"150","4",0.4,2024-06-28,26.7,0.41,5.73,45.6,3.65,"No","No",-25
"151","5",3,2024-06-28,26.7,3.03,6.25,26.6,2.09,"No","No",-25
"152","6",5,2024-06-28,26.7,5.1,6.42,21.4,1.67,"No","No",-25
"153","7",3,2024-06-28,26.7,3.03,6.24,15.3,1.2,"No","No",-25
"154","8",0.4,2024-06-28,26.8,0.42,6.04,40.4,3.23,"No","No",-25
"155","9",5,2024-06-28,26.8,5,6.33,12.2,0.95,"No","No",-25
"156","10",5,2024-06-28,26.9,5.04,6.47,42.7,3.32,"No","No",-25
"157","11",3,2024-06-28,26.8,3.08,6.23,17,1.34,"No","No",-25
"158","12",0.4,2024-06-28,26.7,0.39,6.24,0.6,0.05,"Yes","No",-25
"159","13",3,2024-06-28,26.7,2.97,6.23,23.1,1.82,"No","No",-25
"160","14",0.4,2024-06-28,26.8,0.41,4.75,40.8,3.25,"No","No",-25
"161","15",5,2024-06-28,26.9,5,6.36,6.6,0.51,"Yes","No",-25
"162","1",5,2024-06-29,27.9,5.03,6.42,17.5,1.34,"No","No",-24
"163","2",0.4,2024-06-29,27.6,0.41,6.08,47.9,6.08,"No","No",-24
"164","3",3,2024-06-29,27.7,3.02,6.32,29.1,2.25,"No","No",-24
"165","4",0.4,2024-06-29,27.6,0.41,5.76,40.8,3.21,"No","No",-24
"166","5",3,2024-06-29,27.8,3.04,6.31,30.2,2.34,"No","No",-24
"167","6",5,2024-06-29,27.8,5.11,6.45,24.5,1.87,"No","No",-24
"168","7",3,2024-06-29,27.6,3.04,6.28,19.1,1.48,"No","No",-24
"169","8",0.4,2024-06-29,27.8,0.42,6.07,40,2.27,"No","No",-24
"170","9",5,2024-06-29,27.7,5.01,6.38,19.7,1.51,"No","No",-24
"171","10",5,2024-06-29,27.7,5.05,6.4,30.3,2.32,"No","No",-24
"172","11",3,2024-06-29,27.6,3.09,6.24,21,1.63,"No","No",-24
"173","12",0.4,2024-06-29,27.6,0.39,5.98,1.4,0.11,"Yes","No",-24
"174","13",3,2024-06-29,27.5,2.97,6.26,27.3,2.11,"No","No",-24
"175","14",0.4,2024-06-29,27.6,0.41,4.82,42.6,3.35,"No","No",-24
"176","15",5,2024-06-29,27.9,5.02,6.39,21.5,1.64,"No","No",-24
"177","1",5,2024-06-30,28.6,5.04,6.34,3.4,0.26,"Yes","No",-23
"178","2",0.4,2024-06-30,28.4,0.41,5.9,30.7,2.38,"No","No",-23
"179","3",3,2024-06-30,28.2,3.03,6.23,23.3,1.79,"No","No",-23
"180","4",0.4,2024-06-30,28.4,0.41,5.86,38,2.94,"No","No",-23
"181","5",3,2024-06-30,28.2,3.04,6.22,22.2,1.7,"No","No",-23
"182","6",5,2024-06-30,28.2,5.12,6.37,17.2,1.31,"No","No",-23
"183","7",3,2024-06-30,28.2,3.04,6.23,14.8,1.14,"No","No",-23
"184","8",0.4,2024-06-30,28.2,0.42,5.92,23.4,1.82,"No","No",-23
"185","9",5,2024-06-30,28.2,5.02,6.32,14.2,1.08,"No","No",-23
"186","10",5,2024-06-30,28.3,5.05,6.31,26,1.97,"No","No",-23
"187","11",3,2024-06-30,28.3,3.09,6.21,17.1,13.1,"No","No",-23
"188","12",0.4,2024-06-30,28.4,0.4,5.72,16.8,1.3,"No","No",-23
"189","13",3,2024-06-30,28.3,2.98,6.19,23.2,1.78,"No","No",-23
"190","14",0.4,2024-06-30,28.3,0.41,4.91,31.4,2.44,"No","No",-23
"191","15",5,2024-06-30,28.5,5.03,6.25,1.5,0.11,"Yes","Yes",-23
"192","1",5,2024-07-01,28.1,5.06,6.58,44.5,3.38,"No","Yes",-22
"193","2",0.4,2024-07-01,27.9,0.42,5.97,27,2.11,"No","Yes",-22
"194","3",3,2024-07-01,27.9,3.05,6.27,23,1.77,"No","Yes",-22
"195","4",0.4,2024-07-01,28,NA,6.24,17.6,1.35,"No","Yes",-22
"196","5",3,2024-07-01,28,NA,6.4,16.5,1.26,"No","Yes",-22
"197","6",5,2024-07-01,27.9,NA,6.25,13.5,1.04,"No","Yes",-22
"198","7",3,2024-07-01,28,NA,5.94,20.4,1.59,"No","Yes",-22
"199","8",0.4,2024-07-01,28,NA,6.35,15.1,1.15,"No","Yes",-22
"200","9",5,2024-07-01,28.1,5.08,6.36,22.3,1.69,"No","Yes",-22
"201","10",5,2024-07-01,28,NA,6.23,21.2,1.63,"No","Yes",-22
"202","11",3,2024-07-01,27.9,NA,5.8,20.5,1.61,"No","Yes",-22
"203","12",0.4,2024-07-01,27.9,NA,6.16,20.2,1.55,"No","Yes",-22
"204","13",3,2024-07-01,28,NA,5.09,26.2,2.05,"No","Yes",-22
"205","14",0.4,2024-07-01,28,0.41,5.04,25.2,1.97,"No","Yes",-22
"206","15",5,2024-07-01,28.1,5.05,6.37,29.3,2.23,"No","Yes",-22
"207","1",5,2024-07-02,26,4.96,6.36,7.3,0.57,"Yes","No",-21
"208","2",0.4,2024-07-02,25,0.41,5.87,23.4,1.93,"No","No",-21
"209","3",3,2024-07-02,24.7,2.97,6.29,26.7,2.18,"No","No",-21
"210","4",0.4,2024-07-02,25.2,0.41,5.82,18.1,1.48,"No","No",-21
"211","5",3,2024-07-02,25.4,2.95,6.2,11.7,0.95,"No","No",-21
"212","6",5,2024-07-02,25.7,5.02,6.34,2.8,0.22,"Yes","No",-21
"213","7",3,2024-07-02,25.4,2.98,6.24,10.7,0.86,"No","No",-21
"214","8",0.4,2024-07-02,25.3,0.41,5.95,21.1,1.73,"No","No",-21
"215","9",5,2024-07-02,26,4.94,6.31,1.6,0.12,"Yes","No",-21
"216","10",5,2024-07-02,25.3,4.97,6.36,17.2,1.38,"No","No",-21
"217","11",3,2024-07-02,25.2,3.03,6.25,17.2,1.39,"No","No",-21
"218","12",0.4,2024-07-02,25.3,0.39,5.88,21.5,1.76,"No","No",-21
"219","13",3,2024-07-02,25.4,2.87,6.17,8.9,0.72,"Yes","No",-21
"220","14",0.4,2024-07-02,25.1,0.4,5.03,27.5,2.27,"No","No",-21
"221","15",5,2024-07-02,25.8,4.9,6.31,8.8,0.7,"Yes","No",-21
"222","1",5,2024-07-03,26.5,4.89,6.56,26.7,2.09,"No","No",-20
"223","2",0.4,2024-07-03,26,0.41,5.99,22.5,1.82,"No","No",-20
"224","3",3,2024-07-03,26.1,2.99,6.35,30.9,2.47,"No","No",-20
"225","4",0.4,2024-07-03,26.1,0.41,5.89,15.9,1.28,"No","No",-20
"226","5",3,2024-07-03,26,2.97,6.27,17.6,1.41,"No","No",-20
"227","6",5,2024-07-03,26.3,5.01,6.46,24.4,1.91,"No","No",-20
"228","7",3,2024-07-03,26.1,2.99,6.28,14.6,1.16,"No","No",-20
"229","8",0.4,2024-07-03,26.3,0.41,6.01,18.5,1.49,"No","No",-20
"230","9",5,2024-07-03,26.2,4.9,6.42,22.9,1.8,"No","No",-20
"231","10",5,2024-07-03,26.1,5,6.4,20.2,1.59,"No","No",-20
"232","11",3,2024-07-03,26,3.04,6.31,20.8,1.66,"No","No",-20
"233","12",0.4,2024-07-03,26.2,0.39,5.94,18.3,1.48,"No","No",-20
"234","13",3,2024-07-03,26.1,2.92,6.23,17.3,1.38,"No","No",-20
"235","14",0.4,2024-07-03,26.1,0.41,5.1,30,2.42,"No","No",-20
"236","15",5,2024-07-03,26.3,4.92,6.41,30.7,2.41,"No","No",-20
"237","1",5,2024-07-04,26.7,4.9,6.55,27.1,2.11,"No","No",-19
"238","2",0.4,2024-07-04,26.6,0.41,5.98,26.1,2.09,"No","No",-19
"239","3",3,2024-07-04,26.6,3.01,6.38,30.2,2.38,"No","No",-19
"240","4",0.4,2024-07-04,26.5,0.41,5.93,14.7,1.18,"No","No",-19
"241","5",3,2024-07-04,26.5,2.98,6.31,22,1.74,"No","No",-19
"242","6",5,2024-07-04,26.7,5.04,6.52,30,23.4,"No","No",-19
"243","7",3,2024-07-04,26.4,3,6.33,18.8,1.49,"No","No",-19
"244","8",0.4,2024-07-04,26.7,0.42,6.02,25.8,2.06,"No","No",-19
"245","9",5,2024-07-04,26.6,4.92,6.48,24.4,1.91,"No","No",-19
"246","10",5,2024-07-04,26.6,5.02,6.44,25.5,1.99,"No","No",-19
"247","11",3,2024-07-04,26.4,3.05,6.33,23,1.82,"No","No",-19
"248","12",0.4,2024-07-04,26.6,0.39,5.99,23.3,1.86,"No","No",-19
"249","13",3,2024-07-04,26.4,2.93,6.27,17.9,1.42,"No","No",-19
"250","14",0.4,2024-07-04,26.5,0.41,5.11,29.4,2.36,"No","No",-19
"251","15",5,2024-07-04,26.7,4.95,6.46,33.3,2.6,"No","No",-19
"252","1",5,2024-07-05,27.5,4.98,6.55,27.3,2.09,"No","No",-18
"253","2",0.4,2024-07-05,27.2,0.41,6.02,24.4,1.93,"No","No",-18
"254","3",3,2024-07-05,27.2,3.02,6.4,32.5,2.54,"No","No",-18
"255","4",0.4,2024-07-05,27.2,0.41,5.96,14.4,1.14,"No","No",-18
"256","5",3,2024-07-05,27.2,2.99,6.33,23.1,1.8,"No","No",-18
"257","6",5,2024-07-05,27.3,5.06,6.54,31,2.38,"No","No",-18
"258","7",3,2024-07-05,27.1,3.01,6.36,21.3,1.67,"No","No",-18
"259","8",0.4,2024-07-05,27.3,0.42,6.04,29.4,2.32,"No","No",-18
"260","9",5,2024-07-05,27.2,4.99,6.51,26.4,2.03,"No","No",-18
"261","10",5,2024-07-05,27.2,5.03,6.46,26.7,2.07,"No","No",-18
"262","11",3,2024-07-05,27.1,3.07,6.35,21.2,1.66,"No","No",-18
"263","12",0.4,2024-07-05,27.2,0.4,6.01,22.4,1.77,"No","No",-18
"264","13",3,2024-07-05,27.1,2.98,6.28,14.8,1.16,"No","No",-18
"265","14",0.4,2024-07-05,27.1,0.41,5.15,29,2.3,"No","No",-18
"266","15",5,2024-07-05,27.3,4.97,6.4,30.2,2.33,"No","No",-18
"267","1",5,2024-07-06,28.6,5.01,6.55,24.5,1.85,"No","No",-17
"268","2",0.4,2024-07-06,28.3,0.41,6,20.2,1.57,"No","No",-17
"269","3",3,2024-07-06,28.1,3.04,6.39,31.1,2.39,"No","No",-17
"270","4",0.4,2024-07-06,27.9,0.42,6,12.5,0.98,"No","No",-17
"271","5",3,2024-07-06,28.1,3,6.31,17.4,1.34,"No","No",-17
"272","6",5,2024-07-06,28.1,5.1,6.57,32.4,2.46,"No","No",-17
"273","7",3,2024-07-06,28,3.03,6.38,21.4,1.65,"No","No",-17
"274","8",0.4,2024-07-06,28.2,0.42,6.05,30.3,2.36,"No","No",-17
"275","9",5,2024-07-06,27.9,5.03,6.55,30.1,2.29,"No","No",-17
"276","10",5,2024-07-06,28.2,5.05,6.47,24.1,1.83,"No","No",-17
"277","11",3,2024-07-06,28,3.08,6.34,16.9,1.3,"No","No",-17
"278","12",0.4,2024-07-06,28.1,0.4,6.01,22.3,1.74,"No","No",-17
"279","13",3,2024-07-06,28.1,2.99,6.28,9.2,0.71,"Yes","No",-17
"280","14",0.4,2024-07-06,28.1,0.41,5.15,23.1,1.8,"No","No",-17
"281","15",5,2024-07-06,28.3,5.01,6.47,23.1,1.75,"No","No",-17
"282","1",5,2024-07-07,27.9,5.03,6.67,31.5,2.4,"No","No",-16
"283","2",0.4,2024-07-07,27.8,0.41,6.09,29.6,2.33,"No","No",-16
"284","3",3,2024-07-07,27.6,3.05,6.44,34.2,2.65,"No","No",-16
"285","4",0.4,2024-07-07,27.5,0.42,6.11,15,1.18,"No","No",-16
"286","5",3,2024-07-07,27.7,3.02,6.38,21.4,1.65,"No","No",-16
"287","6",5,2024-07-07,27.7,5.12,6.6,35.2,2.69,"No","No",-16
"288","7",3,2024-07-07,27.6,3.03,6.43,24.8,1.92,"No","No",-16
"289","8",0.4,2024-07-07,27.7,0.42,6.15,29.5,2.31,"No","No",-16
"290","9",5,2024-07-07,27.6,5.04,6.6,37.2,2.85,"No","No",-16
"291","10",5,2024-07-07,27.8,5.08,6.51,29.6,2.26,"No","No",-16
"292","11",3,2024-07-07,27.6,3.1,6.41,23.5,1.82,"No","No",-16
"293","12",0.4,2024-07-07,27.6,0.4,6.17,26.2,2.06,"No","No",-16
"294","13",3,2024-07-07,27.6,3,6.38,23.1,1.79,"No","No",-16
"295","14",0.4,2024-07-07,27.6,0.41,5.28,26.4,2.08,"No","No",-16
"296","15",5,2024-07-07,27.8,5.03,6.41,25,1.91,"No","No",-16
"297","1",5,2024-07-08,28,5.04,6.58,30.4,2.31,"No","Yes",-15
"298","2",0.4,2024-07-08,27.8,0.41,6.03,31,2.43,"No","Yes",-15
"299","3",3,2024-07-08,27.8,3.07,6.43,39,3.01,"No","Yes",-15
"300","4",0.4,2024-07-08,27.6,0.42,6.13,16.6,1.31,"No","Yes",-15
"301","5",3,2024-07-08,27.8,3.03,6.37,25,1.93,"No","Yes",-15
"302","6",5,2024-07-08,28.1,5.14,6.6,38.4,2.92,"No","Yes",-15
"303","7",3,2024-07-08,27.7,3.04,6.47,28.8,2.23,"No","Yes",-15
"304","8",0.4,2024-07-08,28,0.42,6.17,31,2.42,"No","Yes",-15
"305","9",5,2024-07-08,27.9,5.06,6.62,41.7,3.19,"No","Yes",-15
"306","10",5,2024-07-08,27.9,5.09,6.54,31.5,2.4,"No","Yes",-15
"307","11",3,2024-07-08,27.7,3.11,6.46,28.2,2.18,"No","Yes",-15
"308","12",0.4,2024-07-08,27.9,0.4,6.16,28.7,2.24,"No","Yes",-15
"309","13",3,2024-07-08,27.7,3.01,6.37,22.5,1.74,"No","Yes",-15
"310","14",0.4,2024-07-08,27.8,0.41,5.3,28.6,2.23,"No","Yes",-15
"311","15",5,2024-07-08,28.1,5.05,6.49,26,1.98,"No","Yes",-15
"312","1",5,2024-07-09,28.1,4.93,6.51,17.1,1.32,"No","Yes",-14
"313","2",0.4,2024-07-09,27.6,0.4,6.01,34.6,2.72,"No","Yes",-14
"314","3",3,2024-07-09,27.8,2.93,6.34,25.2,1.95,"No","Yes",-14
"315","4",0.4,2024-07-09,27.5,0.41,6.1,22.6,1.78,"No","Yes",-14
"316","5",3,2024-07-09,27.8,2.99,6.36,17.1,1.32,"No","Yes",-14
"317","6",5,2024-07-09,27.9,5.09,6.5,19.5,1.49,"No","Yes",-14
"318","7",3,2024-07-09,27.8,3.02,6.41,18.5,1.43,"No","Yes",-14
"319","8",0.4,2024-07-09,27.7,0.4,6.08,28.3,2.23,"No","Yes",-14
"320","9",5,2024-07-09,27.8,4.95,6.61,32.9,2.51,"No","Yes",-14
"321","10",5,2024-07-09,27.9,4.99,6.42,14.6,1.12,"No","Yes",-14
"322","11",3,2024-07-09,27.8,3.03,6.31,12,0.93,"No","Yes",-14
"323","12",0.4,2024-07-09,27.7,0.39,6.17,32.6,2.56,"No","Yes",-14
"324","13",3,2024-07-09,27.7,2.98,6.32,9.3,0.72,"Yes","Yes",-14
"325","14",0.4,2024-07-09,27.7,0.4,5.29,35,2.75,"No","Yes",-14
"326","15",5,2024-07-09,28.1,4.97,6.47,15.9,1.21,"No","Yes",-14
"327","1",5,2024-07-10,27.7,4.69,6.37,3,0.23,"Yes","No",-13
"328","2",0.4,2024-07-10,27.1,0.39,5.98,27.9,2.21,"No","No",-13
"329","3",3,2024-07-10,27.4,2.91,5.18,5.1,0.4,"Yes","No",-13
"330","4",0.4,2024-07-10,27,0.4,6.1,22.4,1.78,"No","No",-13
"331","5",3,2024-07-10,27.3,2.77,6.25,7.2,0.56,"Yes","No",-13
"332","6",5,2024-07-10,27.7,4.91,6.35,3.9,0.3,"Yes","No",-13
"333","7",3,2024-07-10,27.4,2.87,6.31,1.9,0.14,"Yes","No",-13
"334","8",0.4,2024-07-10,27.2,0.4,6.09,22.2,1.76,"No","No",-13
"335","9",5,2024-07-10,27.7,4.87,6.46,10.2,0.78,"No","No",-13
"336","10",5,2024-07-10,27.7,4.86,6.33,1.5,0.12,"Yes","No",-13
"337","11",3,2024-07-10,27.4,2.92,6.23,2.5,0.2,"Yes","No",-13
"338","12",0.4,2024-07-10,27.2,0.38,6.1,23.4,1.86,"Yes","No",-13
"339","13",3,2024-07-10,27.3,2.8,6.49,47.5,3.71,"Yes","No",-13
"340","14",0.4,2024-07-10,27.2,0.39,5.34,30.7,2.43,"No","No",-13
"341","15",5,2024-07-10,28,4.94,6.31,1,0.08,"Yes","No",-13
"342","1",5,2024-07-11,28.3,4.61,6.52,25.5,1.93,"No","Yes",-12
"343","2",0.4,2024-07-11,27.6,0.39,6.03,30.9,2.43,"No","Yes",-12
"344","3",3,2024-07-11,27.6,2.85,6.36,31.3,2.43,"No","Yes",-12
"345","4",0.4,2024-07-11,27.7,0.4,6.11,19,1.49,"No","Yes",-12
"346","5",3,2024-07-11,27.7,2.79,6.34,18.5,1.44,"No","Yes",-12
"347","6",5,2024-07-11,27.8,4.69,6.53,31.4,2.4,"No","Yes",-12
"348","7",3,2024-07-11,27.7,2.8,6.4,17.9,1.39,"No","Yes",-12
"349","8",0.4,2024-07-11,27.6,0.4,6.09,20.1,1.68,"No","Yes",-12
"350","9",5,2024-07-11,28.2,4.74,6.45,5.3,0.4,"Yes","Yes",-12
"351","10",5,2024-07-11,27.8,4.65,6.45,23.1,1.77,"No","Yes",-12
"352","11",3,2024-07-11,27.6,2.83,6.3,16.1,1.25,"No","Yes",-12
"353","12",0.4,2024-07-11,27.6,0.38,6.15,24.6,1.93,"No","Yes",-12
"354","13",3,2024-07-11,27.6,2.8,6.47,33.2,2.57,"No","Yes",-12
"355","14",0.4,2024-07-11,27.6,0.39,5.49,30.5,2.4,"No","Yes",-12
"356","15",5,2024-07-11,27.7,4.63,6.47,25.8,1.98,"No","Yes",-12
"357","1",5,2024-07-12,28.3,5.04,6.5,21.9,1.66,"No","No",-11
"358","2",0.4,2024-07-12,27.6,0.39,6.06,31.7,2.49,"No","No",-11
"359","3",3,2024-07-12,27.6,2.98,6.35,29.6,2.3,"No","No",-11
"360","4",0.4,2024-07-12,27.8,0.4,6.16,22.7,1.78,"No","No",-11
"361","5",3,2024-07-12,27.8,3.04,6.34,18.6,14.4,"No","No",-11
"362","6",5,2024-07-12,28.1,5.02,6.45,21.9,1.67,"No","No",-11
"363","7",3,2024-07-12,27.8,2.98,6.36,9.2,0.71,"Yes","No",-11
"364","8",0.4,2024-07-12,27.9,0.4,6.15,24.3,1.9,"No","No",-11
"365","9",5,2024-07-12,28.1,4.98,6.44,19.2,1.46,"No","No",-11
"366","10",5,2024-07-12,27.8,4.95,6.34,9.7,0.74,"Yes","No",-11
"367","11",3,2024-07-12,27.7,3.05,6.17,10.9,0.84,"No","No",-11
"368","12",0.4,2024-07-12,27.8,0.38,6.22,28,2.19,"No","No",-11
"369","13",3,2024-07-12,27.7,3.01,6.32,23.6,1.83,"No","No",-11
"370","14",0.4,2024-07-12,27.7,0.39,5.51,31.5,2.47,"No","No",-11
"371","15",5,2024-07-12,28.1,4.99,6.32,3.6,0.27,"Yes","No",-11
"372","1",5,2024-07-13,27.8,4.94,6.45,35.5,2.81,"No","Yes",-10
"373","2",0.4,2024-07-13,27.3,0.38,6.24,35.5,2.81,"No","Yes",-10
"374","3",3,2024-07-13,27.4,2.98,6.26,13.5,1.05,"No","Yes",-10
"375","4",0.4,2024-07-13,27.2,NA,6.23,27.9,2.21,"No","Yes",-10
"376","5",3,2024-07-13,27.4,2.96,6.31,16.7,1.3,"No","Yes",-10
"377","6",5,2024-07-13,27.6,4.96,6.46,13.2,1.01,"No","Yes",-10
"378","7",3,2024-07-13,27.4,2.96,6.38,17.5,1.36,"No","Yes",-10
"379","8",0.4,2024-07-13,27.3,0.39,6.23,27.7,2.19,"No","Yes",-10
"380","9",5,2024-07-13,27.4,4.93,6.79,13.4,1.06,"No","Yes",-10
"381","10",5,2024-07-13,27.5,4.95,6.51,12.8,0.99,"No","Yes",-10
"382","11",3,2024-07-13,27.4,2.98,6.12,11.2,0.87,"No","Yes",-10
"383","12",0.4,2024-07-13,27.4,0.39,6.39,29.2,2.3,"No","Yes",-10
"384","13",3,2024-07-13,27.4,2.93,6.23,13.9,1.08,"No","Yes",-10
"385","14",0.4,2024-07-13,27.3,0.38,6.63,33,2.61,"No","Yes",-10
"386","15",5,2024-07-13,27.8,4.94,6.27,11.6,0.89,"No","Yes",-10
"387","1",5,2024-07-14,28.5,4.94,6.4,3.7,0.28,"Yes","Yes",-9
"388","2",0.4,2024-07-14,27.9,0.38,6.06,35.4,2.77,"No","Yes",-9
"389","3",3,2024-07-14,28.2,2.93,6.24,16.8,1.29,"No","Yes",-9
"390","4",0.4,2024-07-14,28.1,0.39,6.14,21.1,1.65,"No","Yes",-9
"391","5",3,2024-07-14,28.2,2.96,6.21,1.2,0.1,"Yes","Yes",-9
"392","6",5,2024-07-14,28.4,4.93,6.28,1,0.07,"Yes","Yes",-9
"393","7",3,2024-07-14,28,2.88,6.27,2.2,0.17,"Yes","Yes",-9
"394","8",0.4,2024-07-14,28,0.39,6.14,26,2.03,"No","Yes",-9
"395","9",5,2024-07-14,28.2,4.86,6.37,11.1,0.85,"No","Yes",-9
"396","10",5,2024-07-14,28.1,4.87,6.29,11.1,0.84,"No","Yes",-9
"397","11",3,2024-07-14,28.1,2.96,6.07,1.2,0.09,"Yes","Yes",-9
"398","12",0.4,2024-07-14,28.1,2.35,6.3,30.2,2.35,"No","Yes",-9
"399","13",3,2024-07-14,28.2,2.94,6.13,1.1,0.08,"Yes","Yes",-9
"400","14",0.4,2024-07-14,28,0.39,5.71,26,2.03,"No","Yes",-9
"401","15",5,2024-07-14,28.5,4.89,6.23,1.2,0.09,"No","Yes",-9
"402","1",5,2024-07-15 03:36:00,28.4,6.58,6.58,33.9,2.57,"No","No",NA
"403","2",0.4,2024-07-15 03:36:00,28,0.38,6.17,33.4,2.61,"No","No",NA
"404","3",3,2024-07-15,28,2.95,6.32,20.1,1.54,"No","No",-8
"405","4",0.4,2024-07-15,28.1,0.39,6.24,21,1.64,"No","No",-8
"406","5",3,2024-07-15,28.1,2.92,6.35,21.1,1.62,"No","No",-8
"407","6",5,2024-07-15,28.2,4.85,6.51,36.3,2.76,"No","No",-8
"408","7",3,2024-07-15,28.2,2.9,6.46,30.6,2.35,"No","No",-8
"409","8",0.4,2024-07-15,28.1,0.39,6.15,24.4,1.9,"No","No",-8
"410","9",5,2024-07-15,28.1,4.88,6.43,14.8,1.13,"No","No",-8
"411","10",5,2024-07-15,28.2,4.88,6.35,12.8,0.97,"Yes","No",-8
"412","11",3,2024-07-15,28.1,2.94,5.93,3.7,0.28,"Yes","No",-8
"413","12",0.4,2024-07-15,28,0.39,6.24,29.7,2.32,"No","No",-8
"414","13",3,2024-07-15,28.2,2.91,6.11,14.3,1.1,"No","No",-8
"415","14",0.4,2024-07-15,28.1,0.38,5.77,29.8,2.32,"No","No",-8
"416","15",5,2024-07-15,28.3,4.83,6.32,29.5,2.23,"No","No",-8
"417","1",5,2024-07-16,27.9,4.84,6.65,37.8,2.89,"No","No",-7
"418","2",0.4,2024-07-16,27.6,0.38,6.26,34.5,2.71,"No","No",-7
"419","3",3,2024-07-16,27.4,2.95,6.35,24.7,1.92,"No","No",-7
"420","4",0.4,2024-07-16,27.6,0.39,6.31,23.9,1.88,"No","No",-7
"421","5",3,2024-07-16,27.7,2.93,6.34,20.8,1.61,"No","No",-7
"422","6",5,2024-07-16,27.6,4.86,6.56,38.6,2.96,"No","No",-7
"423","7",3,2024-07-16,27.7,2.91,6.44,25.2,1.95,"No","No",-7
"424","8",0.4,2024-07-16,27.6,0.39,6.26,25.5,2.01,"No","No",-7
"425","9",5,2024-07-16,27.5,4.89,6.48,24.5,1.88,"No","No",-7
"426","10",5,2024-07-16,27.7,4.9,6.44,24.2,1.85,"No","No",-7
"427","11",3,2024-07-16,27.6,2.95,5.81,5.7,0.44,"No","No",-7
"428","12",0.4,2024-07-16,27.4,0.39,6.28,30.6,2.42,"No","No",-7
"429","13",3,2024-07-16,27.7,2.93,6,12.1,0.93,"No","No",-7
"430","14",0.4,2024-07-16,27.7,0.38,5.81,32.2,2.53,"No","No",-7
"431","15",5,2024-07-16,27.7,4.85,6.2,20.6,1.58,"No","No",-7
"432","1",5,2024-08-03,27.8,5.1,4.59,27.6,4.59,"No","No",11
"433","2",0.4,2024-08-03,27.8,0.52,4.5,35.8,2.8,"No","No",11
"434","3",3,2024-08-03,28,3.12,4.44,31.1,2.39,"No","No",11
"435","4",0.4,2024-08-03,27.9,0.45,5.98,37.4,2.93,"No","No",11
"436","5",3,2024-08-03,28.3,3.12,5.76,35.5,2.71,"No","No",11
"437","6",5,2024-08-03,28.5,5.12,4.67,23.8,1.8,"No","No",11
"438","7",3,2024-08-03,28.5,3.13,5.58,28.6,2.18,"No","No",11
"439","8",0.4,2024-08-03,28.8,0.55,5.76,37.5,2.89,"No","No",11
"440","9",5,2024-08-03,28.8,5.11,4.14,31.6,2.37,"No","No",11
"441","10",5,2024-08-03,29,5.14,5.6,30.4,2.27,"No","No",11
"442","11",3,2024-08-04,26.9,2.96,3.81,32.2,2.53,"No","No",12
"443","12",0.4,2024-08-04,26.8,0.38,4.61,22,1.75,"No","No",12
"444","13",3,2024-08-04,27,2.94,4.15,30.5,2.39,"No","No",12
"445","14",0.4,2024-08-04,27,0.51,3.94,34.1,2.71,"No","No",12
"446","15",5,2024-08-04,27.4,5.01,6.03,38.9,2.99,"No","No",12
"447","1",5,2024-08-13,28.7,5.05,6.3,43.5,3.27,"No","No",21
"448","2",0.4,2024-08-13,28.3,0.38,4.57,50.9,3.96,"No","No",21
"449","3",3,2024-08-13,28.3,2.98,5.77,49.9,3.82,"No","No",21
"450","4",0.4,2024-08-13,28.3,0.39,6.11,29.4,2.29,"No","No",21
"451","5",3,2024-08-13,28.3,2.96,6.15,32.4,2.62,"No","No",21
"452","6",5,2024-08-13,28.4,5.01,6.17,47.8,3.62,"No","No",21
"453","7",3,2024-08-13,28.3,2.98,6.14,24.6,1.89,"No","No",21
"454","8",0.4,2024-08-13,28.4,0.39,5.81,37.8,2.94,"No","No",21
"455","9",5,2024-08-13,28.4,4.95,5.64,36.8,2.78,"No","No",21
"456","10",5,2024-08-13,28.4,5.01,6.18,26.5,2,"No","No",21
"457","11",3,2024-08-13,28.4,2.97,3.71,24.1,1.84,"No","No",21
"458","12",0.4,2024-08-13,28.5,0.37,4.28,41.7,3.23,"No","No",21
"459","13",3,2024-08-13,28.3,2.95,5.03,39.4,3.02,"No","No",21
"460","14",0.4,2024-08-13,28.4,0.4,3.72,30.5,2.37,"No","No",21
"461","15",5,2024-08-13,28.7,5.01,6.24,45.5,3.42,"No","No",21
"462","1",5,2024-08-14,27,4.91,6.22,26.6,2.06,"No","No",22
"463","2",0.4,2024-08-14,26.1,0.37,4.58,47.7,3.85,"No","No",22
"464","3",3,2024-08-14,26,2.9,5.7,40.9,3.27,"No","No",22
"465","4",0.4,2024-08-14,26.4,0.39,6.12,28.4,2.23,"No","No",22
"466","5",3,2024-08-14,26.2,2.87,6.12,26.9,2.14,"No","No",22
"467","6",5,2024-08-14,26.6,4.89,6.06,25.4,1.98,"No","No",22
"468","7",3,2024-08-14,26.3,2.91,6.13,18.4,1.46,"No","No",22
"469","8",0.4,2024-08-14,29.2,0.38,5.28,30.3,2.45,"No","No",22
"470","9",5,2024-08-14,26.7,4.83,5.77,27.1,2.11,"No","No",22
"471","10",5,2024-08-14,26.7,4.9,6.11,9.4,0.73,"No","No",22
"472","11",3,2024-08-14,26.3,2.89,3.64,14.8,1.18,"No","No",22
"473","12",0.4,2024-08-14,26.3,0.37,4.33,43.3,3.49,"No","No",22
"474","13",3,2024-08-14,26.2,2.88,5,37.1,2.95,"No","No",22
"475","14",0.4,2024-08-14,26.1,0.4,3.73,35.8,2.89,"No","No",22
"476","15",5,2024-08-14,26.7,4.87,6.39,41.8,3.26,"No","No",22
"477","1",5,2024-08-15,25.7,5.03,6.33,35.6,2.83,"No","No",23
"478","2",0.4,2024-08-15,25.1,0.39,4.65,45.6,3.75,"No","No",23
"479","3",3,2024-08-15,24.9,3.02,5.78,46.1,3.75,"No","No",23
"480","4",0.4,2024-08-15,25.2,0.39,6.17,31.4,2.58,"No","No",23
"481","5",3,2024-08-15,25,2.95,6.21,36.1,2.93,"No","No",23
"482","6",5,2024-08-15,25.1,5,6.18,38.3,3.07,"No","No",23
"483","7",3,2024-08-15,25,2.98,6.21,25.4,2.06,"No","No",23
"484","8",0.4,2024-08-15,25,0.38,5.83,27.8,2.29,"No","No",23
"485","9",5,2024-08-15,25.2,5.03,5.72,25.4,2.03,"No","No",23
"486","10",5,2024-08-15,25.1,4.99,6.25,31,2.48,"No","No",23
"487","11",3,2024-08-15,25,3.01,3.61,20,1.63,"No","No",23
"488","12",0.4,2024-08-15,25.1,0.37,4.36,43.4,3.57,"No","No",23
"489","13",3,2024-08-15,25,2.97,5.09,33.2,2.7,"No","No",23
"490","14",0.4,2024-08-15,24.9,0.4,3.74,41.1,3.39,"No","No",23
"491","15",5,2024-08-15,25.4,4.96,6.37,38.3,3.06,"No","No",23
"492","1",5,2024-08-17,25.7,5.03,6.39,39.1,3.1,"No","No",25
"493","2",0.4,2024-08-17,25.5,0.39,4.67,41.7,3.4,"No","No",25
"494","3",3,2024-08-17,25.7,3.05,5.79,45.2,3.62,"No","No",25
"495","4",0.4,2024-08-17,25.8,0.39,6.19,34.5,2.81,"No","No",25
"496","5",3,2024-08-17,25.8,2.98,6.17,40.3,3.23,"No","No",25
"497","6",5,2024-08-17,26.2,5.05,6.28,49.1,3.86,"No","No",25
"498","7",3,2024-08-17,26.2,3.01,6.32,32.8,2.61,"No","No",25
"499","8",0.4,2024-08-17,27.1,0.38,5.95,42.6,3.38,"No","No",25
"500","9",5,2024-08-18,27.2,5.09,5.88,45,3.47,"No","No",26
"501","10",5,2024-08-18,25.7,5.04,6.41,37.3,2.96,"No","No",26
"502","11",3,2024-08-18,25.7,3.21,2.58,3.06,3.54,"No","No",26
"503","12",0.4,2024-08-18,25.9,0.39,4.41,45.2,3.66,"No","No",26
"504","13",3,2024-08-18,26.1,3.02,5.32,38.9,3.09,"No","No",26
"505","14",0.4,2024-08-18,27,0.41,3.77,48.4,3.84,"No","No",26
"506","15",5,2024-08-18,27.4,5.11,6.41,51.7,3.97,"No","No",26
"507","1",5,2024-08-19,25.9,5.08,6.66,37.7,2.98,"No","No",27
"508","2",0.4,2024-08-19,25.8,0.4,4.88,40.7,3.3,"No","No",27
"509","3",3,2024-08-19,25.7,3.09,5.86,43.5,3.49,"No","No",27
"510","4",0.4,2024-08-19,25.6,0.39,6.28,30.1,2.46,"No","No",27
"511","5",3,2024-08-19,25.6,3.01,6.27,38,3.05,"No","No",27
"512","6",5,2024-08-19,25.7,5.11,6.31,46.5,3.69,"No","No",27
"513","7",3,2024-08-19,25.7,3.03,6.36,35.4,2.84,"No","No",27
"514","8",0.4,2024-08-19,25.7,0.39,5.96,33.6,2.74,"No","No",27
"515","9",5,2024-08-19,25.7,5.14,5.96,40.1,3.18,"No","No",27
"516","10",5,2024-08-19,25.7,5.07,6.33,34.1,2.7,"No","No",27
"517","11",3,2024-08-19,25.6,3.09,3.49,33.8,2.71,"No","No",27
"518","12",0.4,2024-08-19,25.7,0.39,4.54,46.4,3.77,"No","No",27
"519","13",3,2024-08-19,25.7,3.04,5.37,39.6,3.18,"No","No",27
"520","14",0.4,2024-08-19,25.8,0.41,3.8,47.3,3.84,"No","No",27
"521","15",5,2024-08-19,25.9,5.62,6.15,37.6,2.96,"No","No",27
"522","1",5,2024-08-21,26.2,4.99,6.39,18.7,1.47,"No","No",29
"523","2",0.4,2024-08-21,24.8,0.49,4.84,40.8,3.38,"No","No",29
"524","3",3,2024-08-21,24.6,3,5.81,43.9,3.59,"No","No",29
"525","4",0.4,2024-08-21,25,0.38,6.21,29.6,2.44,"No","No",29
"526","5",3,2024-08-21,24.9,2.91,6.2,36.6,2.98,"No","No",29
"527","6",5,2024-08-21,25.6,5,6.19,30.2,2.4,"No","No",29
"528","7",3,2024-08-21,25,2.9,6.28,29.1,2.36,"No","No",29
"529","8",0.4,2024-08-21,25,0.38,5.91,33.7,2.78,"No","No",29
"530","9",5,2024-08-21,25.7,4.96,5.85,29.2,2.31,"No","No",29
"531","10",5,2024-08-21,25.5,4.96,6.23,16.4,1.3,"No","No",29
"532","11",3,2024-08-21,25,2.93,3.43,29.6,2.4,"No","No",29
"533","12",0.4,2024-08-21,25.1,0.38,4.58,43.3,3.56,"No","No",29
"534","13",3,2024-08-21,24.9,2.89,5.37,35.6,2.9,"No","No",29
"535","14",0.4,2024-08-21,24.9,0.4,3.86,47.7,3.94,"No","No",29
"536","15",5,2024-08-21,25.7,4.97,6.41,34.2,27.1,"No","No",29
"537","1",5,2024-08-22,24.2,4.88,6.51,32.9,2.68,"No","No",30
"538","2",0.4,2024-08-22,23.7,0.39,4.92,39.8,3.36,"No","No",30
"539","3",3,2024-08-22,23.6,3.02,5.88,50.5,4.21,"No","No",30
"540","4",0.4,2024-08-22,23.9,0.38,6.31,29.9,2.52,"No","No",30
"541","5",3,2024-08-22,23.9,3.04,6.32,41.8,3.47,"No","No",30
"542","6",5,2024-08-22,NA,NA,NA,NA,NA,"No","No",30
"543","7",3,2024-08-22,23.9,3,6.36,32.3,2.68,"No","No",30
"544","8",0.4,2024-08-22,24.1,0.38,4.57,45.2,3.8,"No","No",30
"545","9",5,2024-08-22,NA,NA,NA,NA,NA,"No","No",30
"546","10",5,2024-08-22,NA,NA,NA,NA,NA,"No","No",30
"547","11",3,2024-08-22,23.9,3.01,3.4,33.7,2.79,"No","No",30
"548","12",0.4,2024-08-22,24.1,0.38,4.57,45.2,3.8,"No","No",30
"549","13",3,2024-08-22,23.8,2.96,5.41,40.3,3.35,"No","No",30
"550","14",0.4,2024-08-22,24.3,0.4,3.83,50,4.18,"No","No",30
"551","15",5,2024-08-22,24.7,5.01,5.72,52.6,4.25,"No","No",30
"552","1",5,2024-08-23,22.3,5.01,6.63,36.8,3.1,"No","No",31
"553","2",0.4,2024-08-23,22,0.39,4.92,39.1,3.41,"No","No",31
"554","3",3,2024-08-23,21.8,3.05,5.89,50.5,4.35,"No","No",31
"555","4",0.4,2024-08-23,22.3,0.39,6.31,30.4,2.64,"No","No",31
"556","5",3,2024-08-23,22.2,3.01,6.29,42.8,3.66,"No","No",31
"557","6",5,2024-08-23,22.3,5.01,6.34,50.1,4.23,"No","No",31
"558","7",3,2024-08-23,22.4,3.02,6.32,33.5,2.86,"No","No",31
"559","8",0.4,2024-08-23,22.3,0.38,6.03,37.2,3.22,"No","No",31
"560","9",5,2024-08-23,22.5,5.01,5.99,44.2,3.72,"No","No",31
"561","10",5,2024-08-23,22.2,5,6.39,35,2.96,"No","No",31
"562","11",3,2024-08-23,22.1,3.04,3.39,34.3,2.94,"No","No",31
"563","12",0.4,2024-08-23,22.4,0.38,4.61,44.6,3.85,"No","No",31
"564","13",3,2024-08-23,22.1,2.98,5.5,43.5,3.73,"No","No",31
"565","14",0.4,2024-08-23,22,0.4,3.8,51,4.44,"No","No",31
"566","15",5,2024-08-23,22.6,5.06,6.29,45.6,3.83,"No","No",31
"567","1",5,2024-08-24,25.9,5.06,6.63,44.2,3.49,"No","No",32
"568","2",0.4,2024-08-24,25.9,0.4,4.98,47.5,3.85,"No","No",32
"569","3",3,2024-08-24,26.2,3.07,5.92,52.4,4.16,"No","No",32
"570","4",0.4,2024-08-24,25.9,0.39,6.32,36.4,2.95,"No","No",32
"571","5",3,2024-08-24,26,3.05,6.35,5.17,4.12,"No","No",32
"572","6",5,2024-08-24,26.2,5.08,6.42,59.8,4.7,"No","No",32
"573","7",3,2024-08-24,26,3.06,6.22,33.5,2.67,"No","No",32
"574","8",0.4,2024-08-24,26.2,0.39,6.03,43.9,3.55,"No","No",32
"575","9",5,2024-08-24,26.4,5.07,6.04,54,4.23,"No","No",32
"576","10",5,2024-08-24,25.9,5.05,6.38,41,3.24,"No","No",32
"577","11",3,2024-08-24,25.9,3.11,3.27,32,2.56,"No","No",32
"578","12",0.4,2024-08-24,26.3,0.39,4.65,51.8,41.7,"No","No",32
"579","13",3,2024-08-24,26,3.03,5.551,49,3.91,"No","No",32
"580","14",0.4,2024-08-24,26.1,0.41,3.87,41.8,4.19,"No","No",32
"581","15",5,2024-08-24,26.6,5.13,6.29,55.7,4.34,"No","No",32
"582","1",5,2024-08-28,27.3,5.08,6.59,41.9,3.23,"No","No",36
"583","2",0.4,2024-08-28,27.2,0.4,4.9,41.7,3.31,"No","No",36
"584","3",3,2024-08-28,27.5,3.08,5.89,47.8,3.71,"No","No",36
"585","4",0.4,2024-08-28,27.2,0.39,6.24,26.5,2.1,"No","No",36
"586","5",3,2024-08-28,27.4,3.06,6.32,48.3,3.76,"No","No",36
"587","6",5,2024-08-28,27.4,5.1,6.34,51,3.92,"No","No",36
"588","7",3,2024-08-28,27.8,3.05,6.17,33.7,2.61,"No","No",36
"589","8",0.4,2024-08-28,28,0.39,5.96,40.4,3.15,"No","No",36
"590","9",5,2024-08-28,28,5.12,6.04,55,4.18,"No","No",36
"591","10",5,2024-08-28,27.5,5.07,6.36,36.5,2.8,"No","No",36
"592","11",3,2024-08-28,27.3,3.12,3.24,31.4,2.45,"No","No",36
"593","12",0.4,2024-08-28,27.9,0.39,4.57,44.3,3.47,"No","No",36
"594","13",3,2024-08-28,27.4,3.04,5.48,40.4,3.15,"No","No",36
"595","14",0.4,2024-08-28,27.9,0.41,3.8,47.8,3.47,"No","No",36
"596","15",5,2024-08-28,28.4,5.15,6.43,51.2,3.87,"No","No",36
"597","1",5,2024-08-29,27.9,5.1,6.62,45.3,3.45,"No","No",37
"598","2",0.4,2024-08-29,27.6,0.4,4.94,47.1,3.7,"No","No",37
"599","3",3,2024-08-29,28.5,3.08,5.85,50.4,3.85,"No","No",37
"600","4",0.4,2024-08-29,27.7,0.39,6.29,35.3,2.77,"No","No",37
"601","5",3,2024-08-29,27.9,3.07,6.32,47.3,3.64,"No","No",37
"602","6",5,2024-08-29,28.3,5.07,6.37,55,4.13,"No","No",37
"603","7",3,2024-08-29,27.9,3.07,6.2,36.6,2.82,"No","No",37
"604","8",0.4,2024-08-29,28.2,0.39,5.98,40.7,3.13,"No","No",37
"605","9",5,2024-08-29,28.4,5.1,6,54.7,4.13,"No","No",37
"606","10",5,2024-08-29,28,5.08,6.38,37.7,2.87,"No","No",37
"607","11",3,2024-08-29,28.1,3.1,3.27,32,2.46,"No","No",37
"608","12",0.4,2024-08-29,28.7,0.39,4.6,46.8,3.61,"No","No",37
"609","13",3,2024-08-29,28.2,3.04,5.51,42.8,3.28,"No","No",37
"610","14",0.4,2024-08-29,28.2,0.41,3.84,49.7,3.86,"No","No",37
"611","15",5,2024-08-29,28.8,5.09,6.32,51,3.83,"No","No",37
"612","1",5,2024-08-30,27.9,5.1,6.67,50.5,3.85,"No","No",38
"613","2",0.4,2024-08-30,27.8,0.4,5.03,52.8,4.13,"No","No",38
"614","3",3,2024-08-30,28.1,3.09,5.91,54.8,4.21,"No","No",38
"615","4",0.4,2024-08-30,27.5,0.39,6.38,38.4,3.03,"No","No",38
"616","5",3,2024-08-30,27.7,3.07,6.37,50.6,3.92,"No","No",38
"617","6",5,2024-08-30,27.9,5.09,6.42,56.7,4.32,"No","No",38
"618","7",3,2024-08-30,27.7,3.08,6.34,39.5,3.06,"No","No",38
"619","8",0.4,2024-08-30,27.8,0.39,6.15,42.9,3.36,"No","No",38
"620","9",5,2024-08-30,28,5.11,6.08,56.4,4.29,"No","No",38
"621","10",5,2024-08-30,27.6,5.08,6.43,39.3,3.01,"No","No",38
"622","11",3,2024-08-30,27.4,3.11,3.31,40.1,3.11,"No","No",38
"623","12",0.4,2024-08-30,27.9,0.39,4.69,53,4.15,"No","No",38
"624","13",3,2024-08-30,27.8,3.05,5.59,50.2,3.87,"No","No",38
"625","14",0.4,2024-08-30,27.8,0.41,3.91,55.8,4.37,"No","No",38
"626","15",5,2024-08-30,28.4,5.11,6.37,53.5,4.04,"No","No",38
"627","1",5,2024-09-06,24.2,4.97,7.32,50.8,4.15,"No","No",45
"628","2",0.4,2024-09-06,23.9,0.4,5.01,43.2,3.64,"No","No",45
"629","3",3,2024-09-06,24.1,3.07,6.04,62.1,5.13,"No","No",45
"630","4",0.4,2024-09-06,24.2,0.4,6.32,30.9,2.59,"No","No",45
"631","5",3,2024-09-06,24.1,3.05,6.35,46.4,3.83,"No","No",45
"632","6",5,2024-09-06,24.2,5.01,6.37,53.7,4.38,"No","No",45
"633","7",3,2024-09-06,24.1,3.02,6.33,39.6,3.27,"No","No",45
"634","8",0.4,2024-09-06,24.2,4.38,6.15,43.8,3.67,"No","No",45
"635","9",5,2024-09-06,24.2,5.04,6.12,58.4,4.76,"No","No",45
"636","10",5,2024-09-06,24.2,5.07,6.43,42.1,3.43,"No","No",45
"637","11",3,2024-09-06,24.2,3.05,3.26,55.3,4.56,"No","No",45
"638","12",0.4,2024-09-06,24.3,0.4,4.75,50.3,4.2,"No","No",45
"639","13",3,2024-09-06,24.1,3.02,5.51,42.6,3.51,"No","No",45
"640","14",0.4,2024-09-06,24.1,0.41,3.87,48.8,4.09,"No","No",45
"641","15",5,2024-09-06,24.4,5.07,6.17,58.9,4.77,"No","No",45
"642","1",5,2024-09-09,22,4.91,6.5,20.6,1.75,"No","No",48
"643","2",0.4,2024-09-09,21.5,0.4,5.12,45,3.96,"No","No",48
"644","3",3,2024-09-09,21.5,3.02,6,49.6,4.3,"No","No",48
"645","4",0.4,2024-09-09,21.8,0.4,6.43,36.1,3.16,"No","No",48
"646","5",3,2024-09-09,21.9,2.97,6.27,28.4,2.44,"No","No",48
"647","6",5,2024-09-09,22.2,4.95,6.26,32.6,2.76,"No","No",48
"648","7",3,2024-09-09,21.8,2.97,6.34,30.1,2.59,"No","No",48
"649","8",0.4,2024-09-09,21.8,0.38,6.26,47.5,4.16,"No","No",48
"650","9",5,2024-09-09,22.3,4.97,6.01,41.5,3.51,"No","No",48
"651","10",5,2024-09-09,21.9,5.04,6.38,29.9,2.54,"No","No",48
"652","11",3,2024-09-09,21.9,3.01,3.3,52.1,4.49,"No","No",48
"653","12",0.4,2024-09-09,22,0.39,4.86,49,4.27,"No","No",48
"654","13",3,2024-09-09,21.9,2.96,5.47,31,2.66,"No","No",48
"655","14",0.4,2024-09-09,21.8,0.41,3.98,52.6,4.61,"No","No",48
"656","15",5,2024-09-09,22.5,4.99,6.36,35.6,2.99,"No","No",48
"657","1",5,2024-09-11,23.2,5.01,6.63,36.2,3,"No","No",50
"658","2",0.4,2024-09-11,23.1,0.41,5.19,47.2,4.04,"No","No",50
"659","3",3,2024-09-11,23.2,3.06,6.09,58.8,4.94,"No","No",50
"660","4",0.4,2024-09-11,23,0.4,6.47,34.5,2.95,"No","No",50
"661","5",3,2024-09-11,23.2,2.97,6.4,45.4,3.81,"No","No",50
"662","6",5,2024-09-11,23.2,4.91,6.38,49.1,4.07,"No","No",50
"663","7",3,2024-09-11,23.2,2.99,6.44,40.7,3.42,"No","No",50
"664","8",0.4,2024-09-11,23.1,0.39,6.26,52.9,4.51,"No","No",50
"665","9",5,2024-09-11,23.3,4.91,6.13,58.2,4.83,"No","No",50
"666","10",5,2024-09-11,23,5.07,6.43,41.9,3.5,"No","No",50
"667","11",3,2024-09-11,23,3.04,3.32,58.6,4.95,"No","No",50
"668","12",0.4,2024-09-11,23.2,0.39,4.85,52.1,4.44,"No","No",50
"669","13",3,2024-09-11,23.1,2.94,5.51,41.2,3.47,"No","No",50
"670","14",0.4,2024-09-11,23.1,0.41,3.99,53.8,3.59,"No","No",50
"671","15",5,2024-09-11,23.4,4.98,6.23,49.9,4.12,"No","No",50
"672","1",5,2024-09-13,24.8,5.03,6.6,37.1,2.99,"No","No",52
"673","2",0.4,2024-09-13,24.8,0.41,5.23,49.4,4.09,"No","No",52
"674","3",3,2024-09-13,24.7,3.07,6.06,55.5,4.53,"No","No",52
"675","4",0.4,2024-09-13,24.2,0.4,6.4,32.6,2.73,"No","No",52
"676","5",3,2024-09-13,24.7,3,6.29,46.7,3.81,"No","No",52
"677","6",5,2024-09-13,24.8,5.08,6.43,57.5,4.64,"No","No",52
"678","7",3,2024-09-13,25,3.02,6.46,45.6,3.7,"No","No",52
"679","8",0.4,2024-09-13,24.6,0.39,6.27,50.1,4.17,"No","No",52
"680","9",5,2024-09-13,24.7,5.12,6.14,51.5,4.16,"No","No",52
"681","10",5,2024-09-13,24.6,5.1,6.49,44.8,3.62,"No","No",52
"682","11",3,2024-09-13,24.7,3.05,3.33,60.2,4.92,"No","No",52
"683","12",0.4,2024-09-13,25,0.4,4.83,49,4.04,"No","No",52
"684","13",3,2024-09-13,24.7,3.04,5.58,41.6,3.39,"No","No",52
"685","14",0.4,2024-09-13,24.8,0.41,3.96,53.1,4.39,"No","No",52
"686","15",5,2024-09-13,25.1,5.03,6.3,47.6,3.82,"No","No",52
"687","1",5,2024-09-23,25.1,5.16,7.44,37.3,2.99,"No","No",62
"688","2",0.4,2024-09-23,25.2,0.42,5.4,50.5,4.14,"No","No",62
"689","3",3,2024-09-23,25.5,3.22,6.03,45,3.62,"No","No",62
"690","4",0.4,2024-09-23,25,0.42,6.43,36.7,3.02,"No","No",62
"691","5",3,2024-09-23,25.2,3.09,6.35,40.6,3.28,"No","No",62
"692","6",5,2024-09-23,25.5,5.25,6.42,49.4,3.92,"No","No",62
"693","7",3,2024-09-23,25.2,3.09,6.52,45.4,3.67,"No","No",62
"694","8",0.4,2024-09-23,25.2,0.4,6.36,47,3.85,"No","No",62
"695","9",5,2024-09-23,25.6,5.29,6.17,52.3,4.14,"No","No",62
"696","10",5,2024-09-23,25.1,5.25,6.43,40.5,3.24,"No","No",62
"697","11",3,2024-09-23,25.2,3.14,3.32,57,4.61,"No","No",62
"698","12",0.4,2024-09-23,22.5,0.41,4.84,54.1,4.42,"No","No",62
"699","13",3,2024-09-23,25.7,3.14,5.54,49.4,3.94,"No","No",62
"700","14",0.4,2024-09-23,25.2,0.43,3.94,55.5,4.55,"No","No",62
"701","15",5,2024-09-23,25.8,5.19,6.4,42,3.32,"No","No",62
"702","1",5,2024-09-25,26.6,5.08,6.81,45.5,3.55,"No","No",64
"703","2",0.4,2024-09-25,NA,NA,NA,NA,NA,"No","No",64
"704","3",3,2024-09-25,26.7,3.08,6.1,44,3.54,"No","No",64
"705","4",0.4,2024-09-25,26.2,0.42,6.57,42.1,3.4,"No","No",64
"706","5",3,2024-09-25,26.4,3.07,6.34,40.2,3.19,"No","No",64
"707","6",5,2024-09-25,26.6,5.11,6.45,50.7,3.95,"No","No",64
"708","7",3,2024-09-25,26.5,3.02,6.39,43.9,3.47,"No","No",64
"709","8",0.4,2024-09-25,26.3,0.4,6.27,46.8,3.77,"No","No",64
"710","9",5,2024-09-25,26.9,5.06,6.14,52.4,4.07,"No","No",64
"711","10",5,2024-09-25,26.4,5.08,6.46,42.9,3.336,"No","No",64
"712","11",3,2024-09-25,26.5,3.04,3.37,67.8,5.36,"No","No",64
"713","12",0.4,2024-09-25,26.8,0.41,4.83,58.8,4.69,"No","No",64
"714","13",3,2024-09-25,27,3.04,5.57,50.3,3.94,"No","No",64
"715","14",0.4,2024-09-25,26.7,0.41,4.06,58.9,4.71,"No","No",64
"716","15",5,2024-09-25,27.1,4.33,6.28,43.3,3.35,"No","No",64
"717","1",5,2024-09-28,25.8,4.6,6.56,19.3,1.53,"No","No",67
"718","2",0.4,2024-09-28,24.5,0.38,5.47,49.7,4.13,"No","No",67
"719","3",3,2024-09-28,24.7,2.76,5.99,27.4,2.25,"No","No",67
"720","4",0.4,2024-09-28,24.6,0.4,6.7,38.1,3.17,"No","No",67
"721","5",3,2024-09-28,25,2.58,6.27,27,2.2,"No","No",67
"722","6",5,2024-09-28,25.2,4.37,6.39,34.3,2.76,"No","No",67
"723","7",3,2024-09-28,25.1,2.67,6.35,22.3,1.81,"No","No",67
"724","8",0.4,2024-09-28,24.5,0.38,6.35,45.1,3.76,"No","No",67
"725","9",5,2024-09-28,25.5,4.48,6.16,40.5,3.23,"No","No",67
"726","10",5,2024-09-28,25.8,4.61,6.29,20.9,1.65,"No","No",67
"727","11",3,2024-09-28,25.5,2.68,3.49,53.7,2.68,"No","No",67
"728","12",0.4,2024-09-28,24.6,0.38,4.95,57.4,4.77,"No","No",67
"729","13",3,2024-09-28,25.5,2.71,5.5,27.9,2.24,"No","No",67
"730","14",0.4,2024-09-28,25.1,0.39,4.05,57.1,4.69,"No","No",67
"731","15",5,2024-09-28,25.4,4.57,6.39,30.6,2.45,"No","No",67
"732","1",5,2024-09-14,23.8,5.05,6.61,37.5,3.08,"No","No",53
"733","2",0.4,2024-09-14,23.7,0.41,5.34,49.9,4.21,"No","No",53
"734","3",3,2024-09-14,23.7,3.1,6.13,56,4.65,"No","No",53
"735","4",0.4,2024-09-14,23.8,0.41,6.45,35.6,3,"No","No",53
"736","5",3,2024-09-14,23.9,3.01,6.42,43.4,3.6,"No","No",53
"737","6",5,2024-09-14,24.2,5.11,6.61,57.2,4.67,"No","No",53
"738","7",3,2024-09-14,24,3.03,6.51,44.5,3.68,"No","No",53
"739","8",0.4,2024-09-14,24.1,0.39,6.33,5.06,4.24,"No","No",53
"740","9",5,2024-09-14,24.5,5.15,6.21,55.9,4.53,"No","No",53
"741","10",5,2024-09-14,24.1,5.13,6.67,50,4.08,"No","No",53
"742","11",3,2024-09-14,24.2,3.07,3.44,62.9,5.18,"No","No",53
"743","12",0.4,2024-09-14,24.9,0.4,4.96,55.8,4.61,"No","No",53
"744","13",3,2024-09-15,23.2,3.07,5.77,48.3,4.05,"No","No",54
"745","14",0.4,2024-09-15,23.1,0.42,3.96,55.7,4.76,"No","No",54
"746","15",5,2024-09-15,23.4,5.05,6.41,47.6,3.91,"No","No",54
"747","1",5,2024-08-24,23.1,5.04,6.52,35.5,2.95,"No","No",32
"748","2",0.4,2024-08-24,25.3,0.39,4.9,35.2,3,"No","No",32
"749","3",3,2024-08-24,23.6,3.08,5.9,54.1,4.51,"No","No",32
"750","4",0.4,2024-08-24,23.3,0.39,6.21,25.3,2.14,"No","No",32
"751","5",3,2024-08-24,23.5,3.04,6.3,42.4,3.54,"No","No",32
"752","6",5,2024-08-24,23.4,5.05,6.38,53,4.39,"No","No",32
"753","7",3,2024-08-24,23.5,3.05,6.26,31.9,2.67,"No","No",32
"754","8",0.4,2024-08-24,23.8,0.38,6,41.5,3.5,"No","No",32
"755","9",5,2024-08-24,23.8,5.03,6.03,50.3,4.13,"No","No",32
"756","10",5,2024-08-24,23.6,5.04,6.37,37.6,3.1,"No","No",32
"757","11",3,2024-08-24,23.5,3.08,3.34,29.9,2.42,"No","No",32
"758","12",0.4,2024-08-24,23.5,0.38,4.59,40.4,3.42,"No","No",32
"759","13",3,2024-08-24,23.4,3,5.48,44.2,3.7,"No","No",32
"760","14",0.4,2024-08-24,23.5,0.4,3.84,49.9,4.23,"No","No",32
"761","15",5,2024-08-24,23.8,5.08,6.3,51.4,4.21,"No","No",32
"762","1",5,2024-08-31,27.7,5.05,6.62,47.9,3.66,"No","No",39
"763","2",0.4,2024-08-31,27.6,0.4,5.12,47.6,3.74,"No","No",39
"764","3",3,2024-08-31,28,3.06,5.95,48.2,3.71,"No","No",39
"765","4",0.4,2024-08-31,27.5,0.39,6.49,35.6,2.8,"No","No",39
"766","5",3,2024-08-31,27.7,3.08,6.34,47.6,3.69,"No","No",39
"767","6",5,2024-08-31,28,5.11,6.48,55.9,4.26,"No","No",39
"768","7",3,2024-08-31,27.8,3.09,6.33,41.1,3.18,"No","No",39
"769","8",0.4,2024-08-31,28.4,0.39,6.09,11.1,NA,"No","No",39
"770","9",5,2024-08-31,28.7,5.07,6.16,60.9,4.58,"No","No",39
"771","10",5,2024-08-31,28.2,5.1,6.47,42.3,3.21,"No","No",39
"772","11",3,2024-08-31,28.1,3.07,3.44,47.9,3.67,"No","No",39
"773","12",0.4,2024-09-01,NA,NA,NA,NA,NA,"No","No",40
"774","13",3,2024-09-01,27.5,3.07,5.72,48.6,3.77,"No","No",40
"775","14",0.4,2024-09-01,27.5,0.41,3.93,54.6,4.3,"No","No",40
"776","15",5,2024-09-01,28.3,5.1,6.44,47.4,3.59,"No","No",40
"777","1",5,2024-10-07,23,5.05,7.35,45.3,3.72,"No","No",76
"778","2",0.4,2024-10-07,22.7,0.39,5.62,50.4,4.33,"No","No",76
"779","3",3,2024-10-07,27.7,3.04,6.19,46.2,3.92,"No","No",76
"780","4",0.4,2024-10-07,22.9,0.41,6.55,37.1,3.18,"No","No",76
"781","5",3,2024-10-07,22.8,3.03,6.31,38.9,3.29,"No","No",76
"782","6",5,2024-10-07,22.9,5.04,6.41,38.1,3.19,"No","No",76
"783","7",3,2024-10-07,22.8,3,6.56,38.8,3.28,"No","No",76
"784","8",0.4,2024-10-07,22.8,0.39,6.62,46.9,4.03,"No","No",76
"785","9",5,2024-10-07,22.8,5.09,6.33,50.5,4.22,"No","No",76
"786","10",5,2024-10-07,23,5.08,6.54,41.3,3.44,"No","No",76
"787","11",3,2024-10-07,22.7,3.02,3.39,62,5.25,"No","No",76
"788","12",0.4,2024-10-07,22.9,0.39,4.96,52.5,4.5,"No","No",76
"789","13",3,2024-10-07,22.8,3.04,5.8,42.3,3.58,"No","No",76
"790","14",0.4,2024-10-07,22.9,0.4,4.06,56.5,4.85,"No","No",76
"791","15",5,2024-10-07,23,5.11,6.37,44.5,3.71,"No","No",76
"792","1",5,2024-10-09,21,5.08,7.03,47,4.07,"No","No",78
"793","2",0.4,2024-10-09,20.7,0.4,5.7,51.6,4.62,"No","No",78
"794","3",3,2024-10-09,20.4,3.07,6.26,47.3,4.19,"No","No",78
"795","4",0.4,2024-10-09,21.1,0.42,6.63,40.9,3.63,"No","No",78
"796","5",3,2024-10-09,21,3.05,6.42,41.5,3.64,"No","No",78
"797","6",5,2024-10-09,20.8,5.08,6.46,40.7,3.53,"No","No",78
"798","7",3,2024-10-09,21,3.02,6.59,41.1,3.6,"No","No",78
"799","8",0.4,2024-10-09,20.9,0.39,6.49,50.4,4.49,"No","No",78
"800","9",5,2024-10-09,21.1,5.14,6.48,57.8,4.99,"No","No",78
"801","10",5,2024-10-09,20.8,5.12,6.63,44.4,3.85,"No","No",78
"802","11",3,2024-10-09,20.8,3.05,3.44,62.8,5.52,"No","No",78
"803","12",0.4,2024-10-09,20.7,0.4,5.06,55.4,4.95,"No","No",78
"804","13",3,2024-10-09,20.7,3.06,5.83,45.7,4.02,"No","No",78
"805","14",0.4,2024-10-09,20.7,0.4,4.09,57.4,5.13,"No","No",78
"806","15",5,2024-10-09,21.1,5.06,6.45,47,4.06,"No","No",78
"807","1",5,2024-10-12,17.4,5.18,7.1,55,5.11,"No","No",81
"808","2",0.4,2024-10-12,17.2,0.41,6.35,63.5,6.1,"No","No",81
"809","3",3,2024-10-12,17.2,3.15,6.45,63.3,5.98,"No","No",81
"810","4",0.4,2024-10-12,17.5,0.42,6.99,49,4.67,"No","No",81
"811","5",3,2024-10-12,17.6,3,6.55,47.2,4.43,"No","No",81
"812","6",5,2024-10-12,17.4,5.18,6.5,46.2,4.29,"No","No",81
"813","7",3,2024-10-12,17.5,3.08,6.72,48.6,4.55,"No","No",81
"814","8",0.4,2024-10-12,17.6,0.4,6.67,59.6,5.67,"No","No",81
"815","9",5,2024-10-12,18,5.16,6.51,68.7,6.3,"No","No",81
"816","10",5,2024-10-12,17.9,5.15,6.83,59.5,5.47,"No","No",81
"817","11",3,2024-10-12,18.1,3.11,3.73,77.8,7.22,"No","No",81
"818","12",0.4,2024-10-12,18.9,0.31,6.13,59.8,5.5,"No","No",81
"819","13",3,2024-10-12,18.8,3.12,6.13,68.5,6.26,"No","No",81
"820","14",0.4,2024-10-12,18.1,0.41,4.28,69.3,6.52,"No","No",81
"821","15",5,2024-10-12,19,5.16,6.66,58.7,5.27,"No","No",81
"822","1",5,2024-10-16,16.6,5.18,6.9,55.2,5.21,"No","No",85
"823","2",0.4,2024-10-16,16.7,0.42,5.9,60.3,5.84,"No","No",85
"824","3",3,2024-10-16,17,3.07,6.35,57.5,5.45,"No","No",85
"825","4",0.4,2024-10-16,16.5,0.43,6.88,51.2,4.99,"No","No",85
"826","5",3,2024-10-16,16.3,3.18,6.5,49,4.67,"No","No",85
"827","6",5,2024-10-16,16.8,5.13,6.5,48.1,4.54,"No","No",85
"828","7",3,2024-10-16,16.5,3.09,6.6,47.1,4.51,"No","No",85
"829","8",0.4,2024-10-16,16.7,0.41,6.63,61.3,5.96,"No","No",85
"830","9",5,2024-10-16,17.2,5.2,6.53,72.4,6.75,"No","No",85
"831","10",5,2024-10-16,16.7,5.14,6.64,51.2,4.83,"No","No",85
"832","11",3,2024-10-16,16.3,3.14,3.4,71.5,6.81,"No","No",85
"833","12",0.4,2024-10-16,16.8,0.32,5.87,57.5,5.57,"No","No",85
"834","13",3,2024-10-16,16.4,3.14,5.99,57.6,5.53,"No","No",85
"835","14",0.4,2024-10-16,16.5,0.42,4.08,67.2,6.55,"No","No",85
"836","15",5,2024-10-16,17,5.19,7.32,34.1,3.19,"No","No",85
"837","1",5,2024-10-20,15.9,5.12,7.03,63,6.04,"No","No",89
"838","2",0.4,2024-10-20,15.8,0.43,5.82,69.7,6.89,"No","No",89
"839","3",3,2024-10-20,15.8,3.1,6.38,66.9,6.51,"No","No",89
"840","4",0.4,2024-10-20,16,0.42,6.75,56.1,5.53,"No","No",89
"841","5",3,2024-10-20,16.2,3.07,6.45,56.6,5.46,"No","No",89
"842","6",5,2024-10-20,15.9,5.08,6.51,55.9,5.36,"No","No",89
"843","7",3,2024-10-20,16.3,3.04,6.61,55,5.29,"No","No",89
"844","8",0.4,2024-10-20,16.3,0.41,6.69,69.6,6.81,"No","No",89
"845","9",5,2024-10-20,16.4,5.1,6.46,77.3,7.35,"No","No",89
"846","10",5,2024-10-20,16,5.04,6.63,59.3,5.67,"No","No",89
"847","11",3,2024-10-20,16.2,3.09,3.46,77.2,7.44,"No","No",89
"848","12",0.4,2024-10-20,16.4,0.43,6.02,66.7,6.51,"No","No",89
"849","13",3,2024-10-20,16,3.06,6.01,61.5,5.96,"No","No",89
"850","14",0.4,2024-10-20,16,0.41,4.2,74.1,7.3,"No","No",89
"851","15",5,2024-10-20,16.7,5.06,6.32,67.6,6.37,"No","No",89
"852","1",5,2024-10-21,16.8,5.04,7.05,61,5.74,"No","No",90
"853","2",0.4,2024-10-21,16.9,0.42,6.18,68.4,6.51,"No","No",90
"854","3",3,2024-10-21,16.9,3.05,6.32,64.7,6.15,"No","No",90
"855","4",0.4,2024-10-21,16.7,0.42,6.81,57.2,5.55,"No","No",90
"856","5",3,2024-10-21,16.8,3.03,6.5,54.7,5.21,"No","No",90
"857","6",5,2024-10-21,16.6,5.03,6.51,54.7,5.17,"No","No",90
"858","7",3,2024-10-21,16.9,3.05,6.67,55.3,5.26,"No","No",90
"859","8",0.4,2024-10-21,17,0.41,6.74,68.7,6.62,"No","No",90
"860","9",5,2024-10-21,17.2,5.12,6.58,77.4,7.23,"No","No",90
"861","10",5,2024-10-21,17.1,5.06,6.75,60.6,5.67,"No","No",90
"862","11",3,2024-10-21,16.9,3.05,3.52,75.3,7.16,"No","No",90
"863","12",0.4,2024-10-21,17.3,0.43,5.66,65.6,6.28,"No","No",90
"864","13",3,2024-10-21,16.8,3.08,5.95,59.2,5.64,"No","No",90
"865","14",0.4,2024-10-21,16.8,0.41,4.18,74.1,7.18,"No","No",90
"866","15",5,2024-10-21,17.4,5.07,6.24,67,6.23,"No","No",90
"867","1",5,2024-10-23,20.8,5.09,7.57,55.6,4.8,"No","No",92
"868","2",0.4,2024-10-23,20.9,0.43,5.95,62.7,5.59,"No","No",92
"869","3",3,2024-10-23,22.1,2.99,6.4,61.1,5.49,"No","No",92
"870","4",0.4,2024-10-23,20.6,0.43,6.77,54.5,4.89,"No","No",92
"871","5",3,2024-10-23,21,3.07,6.48,53,4.64,"No","No",92
"872","6",5,2024-10-23,21.4,5.08,6.52,55.4,4.75,"No","No",92
"873","7",3,2024-10-23,20.9,3.08,6.62,51.4,4.51,"No","No",92
"874","8",0.4,2024-10-23,21.6,0.42,6.85,66.9,5.83,"No","No",92
"875","9",5,2024-10-23,22.4,5.07,6.58,84.3,7.11,"No","No",92
"876","10",5,2024-10-23,21.3,5.03,6.66,59.8,5.14,"No","No",92
"877","11",3,2024-10-23,21.4,3.06,3.48,78.4,6.79,"No","No",92
"878","12",0.4,2024-10-23,22,0.42,5.97,58.9,5.13,"No","No",92
"879","13",3,2024-10-23,21.3,3.05,5.95,55.7,4.85,"No","No",92
"880","14",0.4,2024-10-23,21.3,0.42,4.21,73.4,6.5,"No","No",92
"881","15",5,2024-10-23,22.5,5.07,6.16,64.2,5.4,"No","No",92
"882","1",5,2024-10-25,20,5.1,7.12,52.4,4.62,"No","No",94
"883","2",0.4,2024-10-25,20,0.43,6.04,60.5,5.19,"No","No",94
"884","3",3,2024-10-25,20.2,3.06,6.39,58,5.16,"No","No",94
"885","4",0.4,2024-10-25,19.8,0.43,6.96,62.3,5.67,"No","No",94
"886","5",3,2024-10-25,20,3.07,6.51,49.5,4.41,"No","No",94
"887","6",5,2024-10-25,19.9,5.08,6.52,51.7,4.56,"No","No",94
"888","7",3,2024-10-25,20,3.09,6.5,51.5,4.6,"No","No",94
"889","8",0.4,2024-10-25,20.1,0.42,6.83,59,5.35,"No","No",94
"890","9",5,2024-10-25,20.4,5.08,6.42,67.7,5.92,"No","No",94
"891","10",5,2024-10-25,20.1,5.11,6.63,54,4.75,"No","No",94
"892","11",3,2024-10-25,20.1,3.09,3.47,70.1,6.25,"No","No",94
"893","12",0.4,2024-10-25,20.2,0.43,5.86,55.3,4.99,"No","No",94
"894","13",3,2024-10-25,20.2,3.06,6.22,53,4.72,"No","No",94
"895","14",0.4,2024-10-25,20.2,0.42,4.25,68.7,6.21,"No","No",94
"896","15",5,2024-10-25,20.8,5.07,5.99,62.8,5.46,"No","No",94
"897","1",5,2024-10-26,20.1,5.11,7.1,49.6,4.37,"No","No",95
"898","2",0.4,2024-10-26,20.2,0.42,6.11,56.8,5.13,"No","No",95
"899","3",3,2024-10-26,20.5,3.02,6.34,58.8,5.21,"No","No",95
"900","4",0.4,2024-10-26,20.1,0.42,7.16,49.2,4.46,"No","No",95
"901","5",3,2024-10-26,20.3,3.03,6.63,50.2,4.46,"No","No",95
"902","6",5,2024-10-26,20.2,5,6.6,51,4.48,"No","No",95
"903","7",3,2024-10-26,20.6,3.04,6.94,55.5,4.9,"No","No",95
"904","8",0.4,2024-10-26,20.5,0.42,6.85,59.9,5.39,"No","No",95
"905","9",5,2024-10-26,20.8,5,6.54,68.5,5.95,"No","No",95
"906","10",5,2024-10-26,21.2,5.04,6.94,60.1,5.18,"No","No",95
"907","11",3,2024-10-26,21.4,3.04,3.96,77.6,6.75,"No","No",95
"908","12",0.4,2024-10-26,21,0.42,6.15,57.1,5.08,"No","No",95
"909","13",3,2024-10-26,21,3.02,6.13,54.6,4.79,"No","No",95
"910","14",0.4,2024-10-26,21.1,0.42,4.35,71.7,6.37,"No","No",95
"911","15",5,2024-10-26,21.3,4.99,6.2,53.1,5.43,"No","No",95
"912","1",5,2024-11-10,20.7,4.95,6.71,4.1,0.36,"No","No",110
"913","2",0.4,2024-11-10,20.3,0.41,5.93,44.6,4.02,"No","No",110
"914","3",3,2024-11-10,20.1,2.94,6.32,53.8,4.79,"No","No",110
"915","4",0.4,2024-11-10,20,0.44,6.65,36.7,3.33,"No","No",110
"916","5",3,2024-11-10,20.4,2.86,6.39,29.5,2.62,"No","No",110
"917","6",5,2024-11-10,20.7,4.88,6.26,3.5,0.31,"No","No",110
"918","7",3,2024-11-10,20.3,2.95,6.53,22.8,2.02,"No","No",110
"919","8",0.4,2024-11-10,20.3,0.42,6.65,46.4,4.19,"No","No",110
"920","9",5,2024-11-10,21,4.81,6.18,27.5,2.38,"No","No",110
"921","10",5,2024-11-10,20.7,4.82,6.4,14.8,1.29,"No","No",110
"922","11",3,2024-11-10,20.3,2.91,3.5,58.9,5.24,"No","No",110
"923","12",0.4,2024-11-10,20.6,0.41,6.03,49.7,4.46,"No","No",110
"924","13",3,2024-11-10,20.6,2.81,5.9,31.4,2.77,"No","No",110
"925","14",0.4,2024-11-10,20.1,0.41,4.51,62.3,5.94,"No","No",110
"926","15",5,2024-11-10,21.2,4.84,6.27,24.3,2.1,"No","No",110
"927","1",5,2024-11-11,21.3,4.96,6.49,27.4,2.36,"No","No",111
"928","2",0.4,2024-11-11,20.8,0.41,5.93,37.8,3.38,"No","No",111
"929","3",3,2024-11-11,21.1,2.96,6.32,49.5,4.33,"No","No",111
"930","4",0.4,2024-11-11,20.8,0.43,6.65,33.8,3.02,"No","No",111
"931","5",3,2024-11-11,20.9,2.96,6.38,25.3,2.22,"No","No",111
"932","6",5,2024-11-11,21.4,5,6.95,83.2,7.15,"No","No",111
"933","7",3,2024-11-11,21,2.95,6.5,24,2.11,"No","No",111
"934","8",0.4,2024-11-11,21,0.42,6.65,44.2,3.93,"No","No",111
"935","9",5,2024-11-11,21.3,4.95,6.21,24.1,2.07,"No","No",111
"936","10",5,2024-11-11,21.1,4.98,6.72,68.8,5.94,"No","No",111
"937","11",3,2024-11-11,20.9,2.95,3.5,52.9,4.65,"No","No",111
"938","12",0.4,2024-11-11,21.2,0.41,5.97,48.4,4.29,"No","No",111
"939","13",3,2024-11-11,21.2,2.95,5.89,21.1,1.85,"No","No",111
"940","14",0.4,2024-11-11,20.9,0.41,4.21,56.1,5,"No","No",111
"941","15",5,2024-11-11,21.5,4.95,6.58,36.6,3.14,"No","No",111
"942","1",5,2024-11-13,17,5,6.84,42.4,3.98,"No","No",113
"943","2",0.4,2024-11-13,16.7,0.41,6.03,49.8,4.83,"No","No",113
"944","3",3,2024-11-13,16.7,2.98,6.47,63.5,6.06,"No","No",113
"945","4",0.4,2024-11-13,17.1,0.43,6.71,42,4.04,"No","No",113
"946","5",3,2024-11-13,17,2.96,6.55,45.9,4.36,"No","No",113
"947","6",5,2024-11-13,16.9,5.01,6.67,61,5.73,"No","No",113
"948","7",3,2024-11-13,17.3,2.97,6.64,40.8,3.85,"No","No",113
"949","8",0.4,2024-11-13,17.1,0.42,6.68,51.8,4.98,"No","No",113
"950","9",5,2024-11-13,17.1,4.98,6.35,47.4,4.43,"No","No",113
"951","10",5,2024-11-13,17.1,5.01,6.64,57.2,5.35,"No","No",113
"952","11",3,2024-11-13,17,2.96,3.51,66,6.27,"No","No",113
"953","12",0.4,2024-11-13,16.7,0.41,6.08,57.8,5.6,"No","No",113
"954","13",3,2024-11-13,16.9,2.97,6.06,42,4,"No","No",113
"955","14",0.4,2024-11-13,16.9,0.42,4.21,66.6,6.44,"No","No",113
"956","15",5,2024-11-13,17.3,4.99,6.58,50.7,4.73,"No","No",113
"957","1",5,2024-11-15,15.4,5.02,7.3,41.6,4.04,"No","No",115
"958","2",0.4,2024-11-15,15.2,0.41,6.34,51.5,5.15,"No","No",115
"959","3",3,2024-11-15,15.1,3.01,6.6,64.8,6.4,"No","No",115
"960","4",0.4,2024-11-15,15.1,0.43,6.88,44.3,4.48,"No","No",115
"961","5",3,2024-11-15,15.2,2.98,6.69,51.8,5.11,"No","No",115
"962","6",5,2024-11-15,15.2,5.04,6.72,54.2,5.28,"No","No",115
"963","7",3,2024-11-15,15.3,2.99,6.77,44.4,4.38,"No","No",115
"964","8",0.4,2024-11-15,15,0.42,6.8,56.6,5.69,"No","No",115
"965","9",5,2024-11-15,15.1,5.01,6.46,51.8,5.05,"No","No",115
"966","10",5,2024-11-15,15.2,5.04,6.73,53.9,5.24,"No","No",115
"967","11",3,2024-11-15,15,2.98,3.55,67.6,6.7,"No","No",115
"968","12",0.4,2024-11-15,14.6,0.42,6.16,57.8,5.87,"No","No",115
"969","13",3,2024-11-15,14.8,2.99,6.11,48.7,4.84,"No","No",115
"970","14",0.4,2024-11-15,15,0.42,4.21,68.1,6.85,"No","No",115
"971","15",5,2024-11-15,14.9,5.02,6.51,56.3,5.52,"No","No",115
"972","1",5,2024-11-16,14.8,5.03,7.02,46.8,4.59,"No","No",116
"973","2",0.4,2024-11-16,14.8,0.41,6.27,54,5.45,"No","No",116
"974","3",3,2024-11-16,14.8,3.01,6.65,64.7,6.43,"No","No",116
"975","4",0.4,2024-11-16,14.9,0.46,6.88,44.3,4.46,"No","No",116
"976","5",3,2024-11-16,15.1,2.99,6.37,54.3,5.37,"No","No",116
"977","6",5,2024-11-16,15.3,5.04,6.73,56.4,5.49,"No","No",116
"978","7",3,2024-11-16,15.3,3,6.76,48.3,4.75,"No","No",116
"979","8",0.4,2024-11-16,15.9,0.42,7.2,71.8,7.09,"No","No",116
"980","9",5,2024-11-16,15.7,5.02,6.71,62.8,6.04,"No","No",116
"981","10",5,2024-11-16,15.8,5.05,6.86,63.3,6.08,"No","No",116
"982","11",3,2024-11-16,15.8,2.98,3.76,77.8,7.56,"No","No",116
"983","12",0.4,2024-11-16,16.6,0.42,6.19,65.1,6.33,"No","No",116
"984","13",3,2024-11-16,15.9,3,6.12,58.2,5.64,"No","No",116
"985","14",0.4,2024-11-16,15.9,0.42,4.12,76.3,7.53,"No","No",116
"986","15",5,2024-11-16,16.7,5.05,6.37,67.4,6.35,"No","No",116
